postID,content,authorEmail
90,"I THINK,' said.
Caterpillar. Alice.",alex.roberts@becker.net
12,"I've been changed.
Between yourself.",kmcdermott@pacocha.com
45,"Queen shouted at.
Alice, 'it would.",chelsie.gibson@hotmail.com
89,"Alice, and, after.
Queen shrieked.",keegan.feil@blick.biz
63,"I did: there's no.
Alice replied.",kamille93@miller.com
13,"The Mock Turtle in.
Mock Turtle. 'Very.",dorris.mitchell@yahoo.com
16,"THERE again!' said.
First, because I'm.",malinda23@kilback.com
61,"Gryphon replied.
Alice. 'I'M not a.",ardith.padberg@huel.org
91,"Alice thought she.
COULD grin.' 'They.",isaac.emard@hotmail.com
22,"Queen. 'You make.
King, and he.",tamara.mueller@yahoo.com
86,"However, the.
Alice said with a.",bins.mellie@adams.com
39,"March Hare moved.
THESE?' said the.",mckenzie.nestor@hotmail.com
40,"Caterpillar.
Please, Ma'am, is.",psatterfield@gmail.com
5,"OF HEARTS. Alice.
Mouse was.",sean66@nader.com
22,"I've tried to say.
The Fish-Footman.",jaiden.halvorson@yahoo.com
7,"However, she soon.
Mouse had changed.",wbecker@murray.info
89,"Turtle.' These.
Grief, they used.",alesch@hettinger.com
19,"Majesty,' said the.
Nobody moved. 'Who.",ubergnaum@yahoo.com
22,"Queen, pointing to.
The cook threw a.",jerde.fredrick@yahoo.com
67,"The jury all.
Duchess's voice.",sammie71@graham.com
28,"Queen say only.
Alice, 'and if it.",dlemke@pacocha.com
54,"I'll manage better.
I fell off the.",terry.damion@hotmail.com
64,"Lizard, Bill, was.
Alice. 'I'm glad.",laura.brekke@luettgen.biz
15,"VERY long claws.
Mock Turtle sighed.",waino.kuhn@carroll.info
49,"Pigeon. 'I can.
March Hare. 'He.",vince.botsford@lebsack.biz
98,"Gryphon remarked.
I shan't! YOU do.",magali50@huel.info
76,"Dodo had paused as.
Cat. '--so long as.",sgutmann@gmail.com
88,"Oh, my dear paws!.
Gryphon repeated.",hamill.emile@borer.biz
57,"Gryphon, and the.
Alice; 'I can't.",zlabadie@white.info
37,"Laughing and.
Gryphon. 'Turn a.",blanda.carroll@gmail.com
49,"I'd been the.
Very soon the.",chagenes@yahoo.com
96,"I? Ah, THAT'S the.
King; 'and don't.",ronaldo08@yahoo.com
54,"Why, I do wonder.
Mock Turtle.",vandervort.lilyan@quitzon.biz
94,"Alice. 'I'm glad.
Alice: 'besides.",agutkowski@hotmail.com
43,"French mouse, come.
Gryphon, lying.",iparisian@blanda.info
95,"Sir, With no jury.
Duchess sneezed.",kirlin.reed@hotmail.com
48,"Dormouse, after.
COULD! I'm sure I.",leuschke.charlotte@kuhlman.org
30,"The Dormouse again.
Mock Turtle in the.",jayson31@hilpert.org
62,"How she longed to.
Mock Turtle. 'Very.",ruecker.abdiel@reinger.com
26,"Dormouse go on.
March--just before.",lavada57@yahoo.com
92,"Duchess.
THAT. Then.",aiden10@gmail.com
50,"I suppose I ought.
At this moment the.",noelia.doyle@gmail.com
12,"I beat him when he.
Mock Turtle.",wrenner@watsica.com
17,"The judge, by the.
Alice could bear.",fay.cassandra@gmail.com
27,"Father William,'.
Lobster; I heard.",gerry.block@hotmail.com
35,"Hatter. 'Stolen!'.
King very.",carolanne.hegmann@gmail.com
25,"Rabbit asked. 'No.
Suppress him!.",marianna.schowalter@gmail.com
48,"Alice. 'That's.
Her chin was.",nkub@kunde.net
9,"Mock Turtle a.
I will just.",kuhn.milford@fadel.biz
30,"Duchess sneezed.
I will tell you.",bwillms@willms.org
51,"I may as well she.
Rabbit noticed.",streich.durward@oreilly.info
33,"Dodo replied very.
Then the Queen.",turner.raul@haag.net
87,"I'd gone to see.
THESE?' said the.",kellen44@hotmail.com
30,"It was the first.
Two. Two began in.",amani.ortiz@hotmail.com
94,"On which Seven.
Mouse, turning to.",alejandrin47@johnston.info
65,"Rabbit, and had.
GAVE HER ONE, THEY.",hammes.vincenzo@hotmail.com
28,"And certainly.
ALL RETURNED FROM.",ishanahan@yahoo.com
20,"Dormouse shall!'.
Alice waited till.",zack.greenfelder@yahoo.com
94,"Said he thanked.
Alice, feeling.",emil.stracke@moore.net
8,"Panther were.
King. 'It began.",mathew00@hagenes.com
90,"Alice very meekly.
King. 'When did.",adolfo58@gmail.com
65,"There was a most.
Hatter. Alice felt.",zconnelly@hotmail.com
52,"I should have.
IT TO BE TRUE--"".",aniya.harris@rosenbaum.com
70,"Alice began to.
Will you, won't.",mreilly@howe.com
70,"As she said to.
At last the Mock.",kiana.crist@yahoo.com
45,"Hatter were having.
I'm not myself.",vicente27@stokes.net
57,"Duchess asked.
The question is.",ulind@klocko.net
74,"She took down a.
Mouse to Alice.",johnson.bosco@yahoo.com
79,"Queen's shrill.
Oh, how I wish you.",adolfo89@bins.info
13,"Alice waited a.
Alice. 'Why, you.",adell33@waters.com
96,"Alice said.
And the moral of.",yadams@braun.com
1,"Duchess: you'd.
Gryphon. 'It's all.",considine.maximus@koch.com
80,"Duchess said after.
Suddenly she came.",ispinka@kshlerin.com
68,"Dormouse, without.
Hatter. This piece.",lemke.annamae@schaefer.com
24,"SOMEBODY ought to.
Gryphon. 'It all.",daugherty.lucile@abbott.com
61,"White Rabbit; 'in.
And the moral of.",izabella.raynor@gmail.com
80,"It did so indeed.
I suppose?' 'Yes,'.",tyson.barton@gmail.com
96,"Alice to herself.
Alice, 'shall I.",sofia64@weber.com
63,"I believe.' 'Boots.
When the sands are.",langosh.cullen@kerluke.biz
91,"Five and Seven.
The only things in.",awiegand@yahoo.com
45,"Duchess, as she.
Queen. 'You make.",nvonrueden@yahoo.com
88,"Oh, how I wish you.
First, because I'm.",ekoss@gmail.com
54,"Duchess replied.
Gryphon. 'Turn a.",ratke.stephany@gmail.com
22,"WHAT? The other.
Gryphon. Alice did.",adele.mcclure@mayer.net
79,"While the Duchess.
Mock Turtle. 'She.",josephine.lehner@conn.info
19,"That your eye was.
Will you, won't.",chad63@dooley.info
30,"I wish you could.
Mock Turtle.",kennedy47@hotmail.com
96,"Gryphon, half to.
I don't care which.",kobe19@kunde.com
57,"Alice could see it.
I was a general.",roob.lucile@gmail.com
39,"William and offer.
Alice, a little.",qherzog@ankunding.com
86,"Mock Turtle, 'but.
Alice noticed, had.",renner.ericka@kuhlman.com
94,"Duchess, it had.
Alice heard the.",xfeeney@kiehn.biz
41,"Rabbit just under.
And how odd the.",william.larkin@hotmail.com
33,"March Hare said to.
AND.",cbahringer@satterfield.net
11,"And it'll fetch.
And oh, I wish I.",edgar.hoeger@skiles.com
88,"I shan't! YOU do.
They all returned.",freda.roberts@gmail.com
68,"Alice had never.
Rabbit angrily.",darryl.waters@gmail.com
33,"Queen added to one.
Queen of Hearts.",tamara.kris@armstrong.com
91,"Gryphon said to.
Alice considered a.",sanford61@bartoletti.com
62,"Gryphon replied.
Alice would not.",shaylee95@hotmail.com
