postID,tag
78,|XHn
61,T:X?
45,XL(s
90,g!2(
75,HTJ)
55,"""ZO<"
49,J%PS
14,MMI0
52,"""8l$"
51,&QcW
13,@<Y2
12,y*Y6
15,Tw$[
75,{)f'
38,KczF
31,FEOV
76,J_:>
3,k!2!
60,J+~j
58,KINC
27,('1z
54,`lO*
51,"""(u0"
63,$R4q
35,#||R
48,:^68
96,"erR\"
44,(c7G
77,W*9R
81,MKeh
95,NGH'
53,(V.~
31,",&^/"
62,#LDd
15,G>P}
16,t)!V
81,/s)d
92,6Dhk
54,N1&Y
40,JR'J
49,f(e%
55,!go>
18,"ztt"""
85,#Ls]
76,|1WW
74,)4%p
79,[;}^
22,]:na
5,q~?%
74,q'#1
30,7*{[
25,=(^w
32,8.wA
89,~_E/
57,1%P/
49,Kyir
99,_5tI
99,OAap
34,TM7M
2,tB&J
36,R1a5
80,;*?/
12,%?j5
21,}[&5
55,4}hj
32,6mn=
23,p=}A
8,5%O@
100,-2B4
75,k|ty
33,/MY4
18,cg0|
69,m3&z
68,{A9a
26,1I[e
87,1Lq9
99,XU~g
83,T-JH
28,([2t
6,CIEn
85,ilOy
6,Ce'M
25,3AjG
45,oh(L
78,sN%J
72,w:^I
14,)|IY
76,uPEa
41,]~pS
85,v5=r
49,lDi[
13,f2E#
95,cb)4
77,12?*
12,hO)K
89,Ix4v
62,jY[L
9,;fKv
14,.yPk
90,"!""~P"
